codigo_ies,nombre_ies,departamento,sector,matriculados,docentes,ratio_docente_estudiante,tasa_graduacion,num_programas,cluster,arquetipo
1101,UNIVERSIDAD NACIONAL DE COLOMBIA,BOGOTA,DESCONOCIDO,67060.0,6006.333333333333,0.0895958654471421,0.08469110266510287,278.0,0,Mega-masivas
1102,UNIVERSIDAD NACIONAL DE COLOMBIA,ANTIOQUIA,DESCONOCIDO,25939.333333333332,1778.6666666666667,0.068619485454796,0.07379863232358509,122.0,0,Mega-masivas
1103,UNIVERSIDAD NACIONAL DE COLOMBIA,CALDAS,DESCONOCIDO,11307.666666666666,785.0,0.0694695518867442,0.09754953517736424,61.0,1,Medianas tradicionales
1104,UNIVERSIDAD NACIONAL DE COLOMBIA,VALLE DEL CAUCA,DESCONOCIDO,5758.333333333333,455.0,0.07902434512759389,0.07194570993780543,20.0,1,Medianas tradicionales
1105,UNIVERSIDAD PEDAGOGICA NACIONAL,BOGOTA,DESCONOCIDO,18664.666666666668,1910.0,0.102321289576475,0.08324189543935484,53.0,1,Medianas tradicionales
1106,UNIVERSIDAD PEDAGOGICA Y TECNOLOGICA DE COLOMBIA - UPTC,BOYACA,DESCONOCIDO,48485.0,2986.0,0.0615457564508206,0.11679028565654297,159.0,0,Mega-masivas
1107,UNIVERSIDAD PEDAGOGICA Y TECNOLOGICA DE COLOMBIA - UPTC,BOYACA,DESCONOCIDO,6393.333333333333,374.3333333333333,0.05860863759072837,0.13136213648280093,22.0,1,Medianas tradicionales
1108,UNIVERSIDAD PEDAGOGICA Y TECNOLOGICA DE COLOMBIA - UPTC,BOYACA,DESCONOCIDO,7666.333333333333,340.0,0.04432371106909724,0.12489818312005156,25.0,1,Medianas tradicionales
1109,UNIVERSIDAD PEDAGOGICA Y TECNOLOGICA DE COLOMBIA - UPTC,BOYACA,DESCONOCIDO,1537.6666666666667,112.0,0.07277874730180094,0.0938619919277381,6.0,1,Medianas tradicionales
1110,UNIVERSIDAD DEL CAUCA,CAUCA,DESCONOCIDO,34799.0,2717.6666666666665,0.0780984874290947,0.0678399757314485,168.0,0,Mega-masivas
1111,UNIVERSIDAD TECNOLOGICA DE PEREIRA - UTP,RISARALDA,DESCONOCIDO,34253.333333333336,2854.6666666666665,0.08332150189423992,0.0779993217375205,140.0,0,Mega-masivas
1112,UNIVERSIDAD DE CALDAS,CALDAS,DESCONOCIDO,28443.0,2449.3333333333335,0.0862925809425189,0.08675224294114396,135.0,0,Mega-masivas
1113,UNIVERSIDAD DE CORDOBA,CORDOBA,DESCONOCIDO,30037.333333333332,1982.6666666666667,0.0661070892212369,0.0945251613265856,68.0,0,Mega-masivas
1114,UNIVERSIDAD SURCOLOMBIANA,HUILA,DESCONOCIDO,29263.666666666668,1931.3333333333333,0.06599444376969567,0.08474340473211554,114.0,0,Mega-masivas
1115,UNIVERSIDAD DE LA AMAZONIA,CAQUETA,DESCONOCIDO,16814.666666666668,1275.0,0.07620903706715616,0.09287273102350263,60.0,1,Medianas tradicionales
1117,UNIVERSIDAD MILITAR-NUEVA GRANADA,BOGOTA,DESCONOCIDO,37730.0,3701.0,0.09812228646191067,0.10311657637122178,132.0,0,Mega-masivas
1118,UNIVERSIDAD TECNOLOGICA DEL CHOCO-DIEGO LUIS CORDOBA,CHOCO,DESCONOCIDO,28754.0,2391.3333333333335,0.0834579605184252,0.07008635601414853,59.0,1,Medianas tradicionales
1119,UNIVERSIDAD DE LOS LLANOS,META,DESCONOCIDO,14653.0,1559.3333333333333,0.1066227221712069,0.07175991627631763,58.0,1,Medianas tradicionales
1120,UNIVERSIDAD POPULAR DEL CESAR,CESAR,DESCONOCIDO,26553.666666666668,1515.3333333333333,0.05707948469105164,0.09367167336757354,56.0,1,Medianas tradicionales
1121,UNIVERSIDAD-COLEGIO MAYOR DE CUNDINAMARCA,BOGOTA,DESCONOCIDO,13835.0,1420.0,0.10254577384409784,0.09116074949884619,27.0,1,Medianas tradicionales
1122,UNIVERSIDAD DEL PACIFICO,VALLE DEL CAUCA,DESCONOCIDO,5705.666666666667,433.6666666666667,0.0766483857118316,0.0772178342190612,14.0,1,Medianas tradicionales
1123,UNIVERSIDAD POPULAR DEL CESAR,CESAR,DESCONOCIDO,5293.0,264.0,0.049712067604064235,0.0661213098046788,11.0,1,Medianas tradicionales
1125,UNIVERSIDAD NACIONAL DE COLOMBIA,AMAZONAS,DESCONOCIDO,61.666666666666664,43.333333333333336,0.7661054937218245,0.13423664348962977,3.0,2,Pequeñas especializadas
1126,UNIVERSIDAD NACIONAL DE COLOMBIA,"ARCHIPIELAGO DE SAN ANDRES, PROVIDENCIA Y SANTA CATALINA",DESCONOCIDO,47.666666666666664,30.0,0.638653626888921,0.0954987072634131,3.0,2,Pequeñas especializadas
1201,UNIVERSIDAD DE ANTIOQUIA,ANTIOQUIA,DESCONOCIDO,69358.0,11849.333333333334,0.1734343007384778,0.07574736054237334,313.9399999999994,0,Mega-masivas
1202,UNIVERSIDAD DEL ATLANTICO,ATLANTICO,DESCONOCIDO,42744.666666666664,2786.3333333333335,0.06519600778583666,0.08582278254755538,113.0,0,Mega-masivas
1203,UNIVERSIDAD DEL VALLE,VALLE DEL CAUCA,DESCONOCIDO,68576.33333333333,6409.333333333333,0.09342720578606988,0.07078183759166294,313.9399999999994,0,Mega-masivas
1204,UNIVERSIDAD INDUSTRIAL DE SANTANDER,SANTANDER,DESCONOCIDO,44061.666666666664,3913.3333333333335,0.0888347172895952,0.07685207381109777,172.0,0,Mega-masivas
1205,UNIVERSIDAD DE CARTAGENA,BOLIVAR,DESCONOCIDO,48814.333333333336,2488.0,0.050998725228881804,0.11884239937149847,124.0,0,Mega-masivas
1206,UNIVERSIDAD DE NARIÑO,NARINO,DESCONOCIDO,31352.333333333332,1905.3333333333333,0.06079307828127193,0.0793414371826887,126.0,0,Mega-masivas
1207,UNIVERSIDAD DEL TOLIMA,TOLIMA,DESCONOCIDO,48861.0,3968.6666666666665,0.08119286107857153,0.08273378421446106,113.0,0,Mega-masivas
1208,UNIVERSIDAD DEL QUINDIO,QUINDIO,DESCONOCIDO,33607.0,2481.6666666666665,0.07385855039363953,0.0642393730651671,69.0,0,Mega-masivas
1209,UNIVERSIDAD FRANCISCO DE PAULA SANTANDER,NORTE DE SANTANDER,DESCONOCIDO,31521.0,1852.6666666666667,0.058846208789762065,0.07977482073820986,81.0,0,Mega-masivas
1210,UNIVERSIDAD FRANCISCO DE PAULA SANTANDER,NORTE DE SANTANDER,DESCONOCIDO,12104.333333333334,763.3333333333334,0.06307740785973433,0.09098206753559039,30.0,1,Medianas tradicionales
1212,UNIVERSIDAD DE PAMPLONA,NORTE DE SANTANDER,DESCONOCIDO,45238.0,3464.0,0.0765820046874404,0.08366258696542817,117.0,0,Mega-masivas
1213,UNIVERSIDAD DEL MAGDALENA,MAGDALENA,DESCONOCIDO,50895.666666666664,3045.3333333333335,0.059899308534753504,0.08160160994228693,121.0,0,Mega-masivas
1214,UNIVERSIDAD DE CUNDINAMARCA-UDEC,CUNDINAMARCA,DESCONOCIDO,20508.333333333332,1495.3333333333333,0.07285491187956437,0.10137745725647623,47.0,1,Medianas tradicionales
1215,UNIVERSIDAD DE CUNDINAMARCA-UDEC,CUNDINAMARCA,DESCONOCIDO,3234.3333333333335,318.3333333333333,0.0983837391896582,0.09971979553629934,7.0,1,Medianas tradicionales
1216,UNIVERSIDAD DE CUNDINAMARCA-UDEC,CUNDINAMARCA,DESCONOCIDO,1136.3333333333333,163.0,0.14345440529375406,0.06451782367975754,4.0,1,Medianas tradicionales
1217,UNIVERSIDAD DE SUCRE,SUCRE,DESCONOCIDO,12712.0,1107.6666666666667,0.08712438185212634,0.08936731602559893,32.0,1,Medianas tradicionales
1218,UNIVERSIDAD DE LA GUAJIRA,LA GUAJIRA,DESCONOCIDO,31294.666666666668,2981.6666666666665,0.09524478972158702,0.09939823204380753,72.0,0,Mega-masivas
1219,UNIVERSIDAD DE ANTIOQUIA,ANTIOQUIA,DESCONOCIDO,607.0,1381.0,1.0942002559424842,0.06425551225707198,14.0,2,Pequeñas especializadas
1220,UNIVERSIDAD DE ANTIOQUIA,ANTIOQUIA,DESCONOCIDO,364.3333333333333,325.6666666666667,0.9112939602752513,0.10087522370417303,9.0,2,Pequeñas especializadas
1221,UNIVERSIDAD DE ANTIOQUIA,ANTIOQUIA,DESCONOCIDO,449.0,506.0,1.0942002559424842,0.07557255436169837,12.0,2,Pequeñas especializadas
1222,UNIVERSIDAD DE ANTIOQUIA,ANTIOQUIA,DESCONOCIDO,112.33333333333333,122.66666666666667,1.0942002559424842,0.1368870581940641,5.0,2,Pequeñas especializadas
1223,UNIVERSIDAD DE ANTIOQUIA,ANTIOQUIA,DESCONOCIDO,821.3333333333334,755.0,0.9331888181283711,0.07093971216016394,11.0,2,Pequeñas especializadas
1301,UNIVERSIDAD DISTRITAL-FRANCISCO JOSE DE CALDAS,BOGOTA,DESCONOCIDO,51441.666666666664,3544.0,0.06973440595950599,0.06077205630043494,117.0,0,Mega-masivas
1701,PONTIFICIA UNIVERSIDAD JAVERIANA,BOGOTA,DESCONOCIDO,47012.333333333336,6935.0,0.14756610226080413,0.1326097859182587,272.0,0,Mega-masivas
1702,PONTIFICIA UNIVERSIDAD JAVERIANA,VALLE DEL CAUCA,DESCONOCIDO,16817.333333333332,2404.3333333333335,0.14296863831840675,0.12959813538182363,92.0,0,Mega-masivas
1703,UNIVERSIDAD INCCA DE COLOMBIA,BOGOTA,DESCONOCIDO,4325.0,191.66666666666666,0.06763414476751363,0.20298573615570845,30.0,1,Medianas tradicionales
1704,UNIVERSIDAD SANTO TOMAS,BOGOTA,DESCONOCIDO,31648.333333333332,2659.0,0.08415273908527043,0.13947071638676709,183.0,0,Mega-masivas
1705,UNIVERSIDAD SANTO TOMAS,SANTANDER,DESCONOCIDO,11986.0,1527.6666666666667,0.12765702978303828,0.1545966033930399,72.0,1,Medianas tradicionales
1706,UNIVERSIDAD EXTERNADO DE COLOMBIA,BOGOTA,DESCONOCIDO,25556.0,3789.3333333333335,0.1487160909823916,0.24055606794510007,313.9399999999994,0,Mega-masivas
1707,FUNDACION UNIVERSIDAD DE BOGOTA - JORGE TADEO LOZANO,BOGOTA,DESCONOCIDO,13666.333333333334,1258.6666666666667,0.09266922817352485,0.15789624553450007,148.0,0,Mega-masivas
1708,FUNDACION UNIVERSIDAD DE BOGOTA - JORGE TADEO LOZANO,BOLIVAR,DESCONOCIDO,175.0,41.333333333333336,0.2686189414450284,0.33407522429261555,7.0,2,Pequeñas especializadas
1709,UNIVERSIDAD CENTRAL,BOGOTA,DESCONOCIDO,14590.0,954.0,0.0654565330507992,0.14003420871798491,48.0,1,Medianas tradicionales
1710,UNIVERSIDAD PONTIFICIA BOLIVARIANA,ANTIOQUIA,DESCONOCIDO,26365.0,4279.333333333333,0.1622588995478817,0.13437478792596516,264.0,0,Mega-masivas
1711,UNIVERSIDAD DE LA SABANA,CUNDINAMARCA,DESCONOCIDO,26594.666666666668,3664.6666666666665,0.13780038630187277,0.142575872102557,173.0,0,Mega-masivas
1712,UNIVERSIDAD EAFIT-,ANTIOQUIA,DESCONOCIDO,26039.333333333332,2180.6666666666665,0.08374703711165933,0.14423533847122716,140.0,0,Mega-masivas
1713,UNIVERSIDAD DEL NORTE,ATLANTICO,DESCONOCIDO,26317.666666666668,2821.3333333333335,0.1071237977776923,0.13629930282640615,224.0,0,Mega-masivas
1714,COLEGIO MAYOR DE NUESTRA SEÑORA DEL ROSARIO,BOGOTA,DESCONOCIDO,26769.0,4046.0,0.15113204470514854,0.16993106842969893,249.0,0,Mega-masivas
1715,FUNDACION UNIVERSIDAD DE AMERICA,BOGOTA,DESCONOCIDO,5762.0,421.3333333333333,0.07400154365392163,0.1574383820472988,30.0,1,Medianas tradicionales
1716,UNIVERSIDAD DE SAN BUENAVENTURA,VALLE DEL CAUCA,DESCONOCIDO,9391.666666666666,787.0,0.08387443914945607,0.1214837237539968,74.0,1,Medianas tradicionales
1717,UNIVERSIDAD DE SAN BUENAVENTURA,ANTIOQUIA,DESCONOCIDO,6678.333333333333,617.0,0.09204629564125383,0.12609760384260735,68.0,1,Medianas tradicionales
1718,UNIVERSIDAD DE SAN BUENAVENTURA,BOGOTA,DESCONOCIDO,4830.0,389.6666666666667,0.08359959791513853,0.12707566125872302,51.0,1,Medianas tradicionales
1719,UNIVERSIDAD CATOLICA DE COLOMBIA,BOGOTA,DESCONOCIDO,16431.0,1098.0,0.06680420178620083,0.19731519642604609,52.0,1,Medianas tradicionales
1720,UNIVERSIDAD MARIANA,NARINO,DESCONOCIDO,12879.333333333334,963.0,0.07481211672848799,0.12099969652866337,57.0,1,Medianas tradicionales
1722,UNIVERSIDAD DE MANIZALES,CALDAS,DESCONOCIDO,14329.333333333334,1442.6666666666667,0.10070312074749853,0.13404104440280776,115.0,0,Mega-masivas
1723,UNIVERSIDAD PONTIFICIA BOLIVARIANA,SANTANDER,DESCONOCIDO,9416.333333333334,820.0,0.08715144461824616,0.1559964364143768,51.0,1,Medianas tradicionales
1724,UNIVERSIDAD DE SAN BUENAVENTURA,BOLIVAR,DESCONOCIDO,8489.666666666666,537.6666666666666,0.06335631933805987,0.09225054300953762,44.0,1,Medianas tradicionales
1725,FUNDACION UNIVERSIDAD AUTONOMA DE COLOMBIA -FUAC-,BOGOTA,DESCONOCIDO,1437.6666666666667,136.0,0.10875475138688552,0.45437298247870395,42.0,1,Medianas tradicionales
1726,UNIVERSIDAD CATOLICA DE ORIENTE,ANTIOQUIA,DESCONOCIDO,8747.333333333334,594.6666666666666,0.06795964103991053,0.10958063436398124,62.0,1,Medianas tradicionales
1727,UNIVERSIDAD PONTIFICIA BOLIVARIANA,CORDOBA,DESCONOCIDO,8208.666666666666,841.0,0.1026266893603315,0.08857459167565086,31.0,1,Medianas tradicionales
1728,UNIVERSIDAD SERGIO ARBOLEDA,BOGOTA,DESCONOCIDO,19661.0,2044.6666666666667,0.10460494237624107,0.15539549049786125,157.0,0,Mega-masivas
1729,UNIVERSIDAD EL BOSQUE,BOGOTA,DESCONOCIDO,26376.0,5050.0,0.19141718819501552,0.11649516842924566,157.0,0,Mega-masivas
1730,UNIVERSIDAD PONTIFICIA BOLIVARIANA,VALLE DEL CAUCA,DESCONOCIDO,739.0,255.0,0.3457573730876377,0.09326335557635897,5.0,1,Medianas tradicionales
1732,UNIVERSIDAD SANTO TOMAS,BOYACA,DESCONOCIDO,9458.333333333334,872.0,0.09279941486127978,0.1345236174002609,55.0,1,Medianas tradicionales
1733,UNIVERSIDAD SERGIO ARBOLEDA,MAGDALENA,DESCONOCIDO,5267.0,651.0,0.12374777329578124,0.10584528812253557,29.0,1,Medianas tradicionales
1734,UNIVERSIDAD DE BOYACA UNIBOYACA,BOYACA,DESCONOCIDO,10884.666666666666,1250.6666666666667,0.11494887570915324,0.10255695899558658,60.0,1,Medianas tradicionales
1735,UNIVERSIDAD MANUELA BELTRAN-UMB-,BOGOTA,DESCONOCIDO,14346.666666666666,682.0,0.047736225871962266,0.1161138377822144,84.0,0,Mega-masivas
1801,UNIVERSIDAD LA GRAN COLOMBIA,BOGOTA,DESCONOCIDO,14940.666666666666,1320.3333333333333,0.08846471194667214,0.16547175893704605,58.0,1,Medianas tradicionales
1802,UNIVERSIDAD LA GRAN COLOMBIA,QUINDIO,DESCONOCIDO,4520.0,469.6666666666667,0.10390726162283703,0.11915261293082459,29.0,1,Medianas tradicionales
1803,UNIVERSIDAD DE LA SALLE,BOGOTA,DESCONOCIDO,18055.0,1741.6666666666667,0.09644579213224014,0.12880089631473957,116.0,0,Mega-masivas
1804,UNIVERSIDAD AUTONOMA DEL CARIBE,ATLANTICO,DESCONOCIDO,13017.0,840.0,0.06453348521866192,0.14637698470130242,75.0,1,Medianas tradicionales
1805,UNIVERSIDAD SANTIAGO DE CALI,VALLE DEL CAUCA,DESCONOCIDO,40331.0,1613.6666666666667,0.0400170147322429,0.08753953483073457,116.0,0,Mega-masivas
1806,UNIVERSIDAD LIBRE,BOGOTA,DESCONOCIDO,17498.333333333332,1015.6666666666666,0.05809769795132123,0.1642037440363819,73.0,1,Medianas tradicionales
1807,UNIVERSIDAD LIBRE,VALLE DEL CAUCA,DESCONOCIDO,10498.0,1059.6666666666667,0.10048653327709274,0.16640231885891374,47.0,1,Medianas tradicionales
1808,UNIVERSIDAD LIBRE,ATLANTICO,DESCONOCIDO,11946.0,847.3333333333334,0.07092783545010277,0.1445436771441224,54.0,1,Medianas tradicionales
1809,UNIVERSIDAD LIBRE,RISARALDA,DESCONOCIDO,6704.0,459.3333333333333,0.06837065368692259,0.15879361030016062,45.0,1,Medianas tradicionales
1810,UNIVERSIDAD LIBRE,NORTE DE SANTANDER,DESCONOCIDO,3546.3333333333335,191.0,0.05383484825878001,0.2025220772234155,37.0,1,Medianas tradicionales
1811,UNIVERSIDAD LIBRE,SANTANDER,DESCONOCIDO,1621.3333333333333,177.0,0.10915107209408981,0.2033577378141664,19.0,1,Medianas tradicionales
1812,UNIVERSIDAD DE MEDELLIN,ANTIOQUIA,DESCONOCIDO,15639.333333333334,2163.3333333333335,0.1385372671394742,0.1539237842417395,162.0,0,Mega-masivas
1813,UNIVERSIDAD DE LOS ANDES,BOGOTA,DESCONOCIDO,44007.0,3641.6666666666665,0.08276862738646763,0.11926939482721799,198.0,0,Mega-masivas
1814,UNIVERSIDAD AUTONOMA LATINOAMERICANA-UNAULA-,ANTIOQUIA,DESCONOCIDO,8366.0,769.0,0.09179969390804327,0.17879403863099105,32.0,1,Medianas tradicionales
1815,CORPORACION UNIVERSIDAD PILOTO DE COLOMBIA,BOGOTA,DESCONOCIDO,9950.666666666666,557.3333333333334,0.0560162748771511,0.1818084419354705,67.0,1,Medianas tradicionales
1816,UNIVERSIDAD COOPERATIVA DE COLOMBIA,ANTIOQUIA,DESCONOCIDO,8951.333333333334,1523.6666666666667,0.17066830278280368,0.12076413713453477,72.0,1,Medianas tradicionales
1817,UNIVERSIDAD COOPERATIVA DE COLOMBIA,SANTANDER,DESCONOCIDO,7019.333333333333,519.0,0.07391595332728636,0.11519957122933595,38.0,1,Medianas tradicionales
1818,UNIVERSIDAD COOPERATIVA DE COLOMBIA,BOGOTA,DESCONOCIDO,46203.666666666664,3702.6666666666665,0.08025160890256913,0.12916878898845074,213.0,0,Mega-masivas
1819,UNIVERSIDAD COOPERATIVA DE COLOMBIA,SANTANDER,DESCONOCIDO,1008.3333333333334,112.0,0.11113799361177797,0.21819135964587333,18.0,1,Medianas tradicionales
1820,UNIVERSIDAD COOPERATIVA DE COLOMBIA,MAGDALENA,DESCONOCIDO,7994.0,723.3333333333334,0.09056559848012437,0.0989063701557885,26.0,1,Medianas tradicionales
1822,CORPORACION UNIVERSIDAD PILOTO DE COLOMBIA,CUNDINAMARCA,DESCONOCIDO,1976.3333333333333,122.33333333333333,0.06190948282098483,0.12039197326918773,13.0,1,Medianas tradicionales
1823,UNIVERSIDAD AUTONOMA DE BUCARAMANGA-UNAB-,SANTANDER,DESCONOCIDO,18609.333333333332,1944.3333333333333,0.10448135188984231,0.1446814350011665,149.0,0,Mega-masivas
1824,UNIVERSIDAD METROPOLITANA,ATLANTICO,DESCONOCIDO,9743.333333333334,1010.3333333333334,0.10368626069087827,0.09153482220822677,26.0,1,Medianas tradicionales
1825,UNIVERSIDAD AUTONOMA DE MANIZALES,CALDAS,DESCONOCIDO,8313.333333333334,852.3333333333334,0.1023923757144079,0.1422664825738111,84.0,1,Medianas tradicionales
1826,UNIVERSIDAD ANTONIO NARIÑO,BOGOTA,DESCONOCIDO,27006.666666666668,2891.6666666666665,0.10702297471249093,0.0926288119094953,204.0,0,Mega-masivas
1827,UNIVERSIDAD CATOLICA DE MANIZALES,CALDAS,DESCONOCIDO,5477.0,546.0,0.0996750052905363,0.1971349710429451,55.0,1,Medianas tradicionales
1828,UNIVERSIDAD ICESI,VALLE DEL CAUCA,DESCONOCIDO,16239.333333333334,2903.0,0.17866886560359507,0.1296094155483735,142.0,0,Mega-masivas
1829,UNIVERSIDAD SANTIAGO DE CALI,VALLE DEL CAUCA,DESCONOCIDO,4628.333333333333,240.0,0.05186502317516123,0.09127124468153085,12.0,1,Medianas tradicionales
1830,UNIVERSIDAD AUTONOMA DE OCCIDENTE,VALLE DEL CAUCA,DESCONOCIDO,17125.333333333332,1454.3333333333333,0.08494523337831146,0.17454317723287774,137.0,0,Mega-masivas
1831,UNIVERSIDAD DE IBAGUE,TOLIMA,DESCONOCIDO,9698.666666666666,531.6666666666666,0.054851413125645,0.09966576802082039,59.0,1,Medianas tradicionales
1832,UNIVERSIDAD TECNOLOGICA DE BOLIVAR,BOLIVAR,DESCONOCIDO,11531.0,751.3333333333334,0.065155163492702,0.12950623758609592,97.0,0,Mega-masivas
1833,UNIVERSIDAD DEL SINU - ELIAS BECHARA ZAINUM - UNISINU -,CORDOBA,DESCONOCIDO,19362.666666666668,1482.6666666666667,0.0765788770375508,0.09950564130961016,67.0,1,Medianas tradicionales
1834,UNIVERSIDAD DEL SINU - ELIAS BECHARA ZAINUM - UNISINU -,BOLIVAR,DESCONOCIDO,11695.333333333334,821.0,0.0701741684900582,0.08513282508206954,51.0,1,Medianas tradicionales
1835,UNIVERSIDAD DE CIENCIAS APLICADAS Y AMBIENTALES UDCA.,BOGOTA,DESCONOCIDO,9690.666666666666,971.3333333333334,0.1001836481613822,0.10679328614143924,58.0,1,Medianas tradicionales
2102,UNIVERSIDAD NACIONAL ABIERTA Y A DISTANCIA UNAD,BOGOTA,DESCONOCIDO,298264.6666666667,10999.666666666666,0.03716827552992027,0.036951404193735604,127.0,0,Mega-masivas
2104,ESCUELA SUPERIOR DE ADMINISTRACION PUBLICA-ESAP-,BOGOTA,DESCONOCIDO,34622.666666666664,2630.3333333333335,0.07628490308079229,0.08408316141932587,22.0,1,Medianas tradicionales
2106,DIRECCION NACIONAL DE ESCUELAS,BOGOTA,DESCONOCIDO,30936.333333333332,1601.3333333333333,0.04237033063683207,0.4714301858472521,63.0,1,Medianas tradicionales
2110,COLEGIO MAYOR DE ANTIOQUIA,ANTIOQUIA,DESCONOCIDO,10096.0,1077.6666666666667,0.10663585921452266,0.10026803175050347,37.0,1,Medianas tradicionales
2114,ESCUELA NACIONAL DEL DEPORTE,VALLE DEL CAUCA,DESCONOCIDO,7616.666666666667,515.6666666666666,0.0678120430608734,0.11840796420050796,16.0,1,Medianas tradicionales
2206,INSTITUTO DEPARTAMENTAL DE BELLAS ARTES,VALLE DEL CAUCA,DESCONOCIDO,1606.3333333333333,291.6666666666667,0.18151394945018448,0.059327326276034265,4.0,1,Medianas tradicionales
2207,INSTITUTO UNIVERSITARIO DE LA PAZ,SANTANDER,DESCONOCIDO,8502.333333333334,655.0,0.07706273848990057,0.08327834315803927,36.0,1,Medianas tradicionales
2208,CONSERVATORIO DEL TOLIMA,TOLIMA,DESCONOCIDO,1103.6666666666667,127.33333333333333,0.11483037113249539,0.06581557469834413,5.0,1,Medianas tradicionales
2209,POLITECNICO COLOMBIANO JAIME ISAZA CADAVID,ANTIOQUIA,DESCONOCIDO,23163.333333333332,2885.0,0.12469035278816483,0.0866898385292618,85.0,0,Mega-masivas
2211,INSTITUCION UNIVERSITARIA BELLAS ARTES Y CIENCIAS DE BOLIVAR,BOLIVAR,DESCONOCIDO,2924.0,170.33333333333334,0.058288225007722266,0.08590554682557407,6.0,1,Medianas tradicionales
2301,UNIDAD CENTRAL DEL VALLE DEL CAUCA,VALLE DEL CAUCA,DESCONOCIDO,11331.666666666666,1544.3333333333333,0.13691697189835617,0.0635102274025195,31.0,1,Medianas tradicionales
2302,INSTITUCION UNIVERSITARIA DE ENVIGADO,ANTIOQUIA,DESCONOCIDO,11052.333333333334,1105.0,0.10005727324185033,0.07329649395960601,38.0,1,Medianas tradicionales
2701,INSTITUCION UNIVERSITARIA COLEGIOS DE COLOMBIA - UNICOC,BOGOTA,DESCONOCIDO,3898.0,390.6666666666667,0.10037251465602733,0.0982686867233555,19.0,1,Medianas tradicionales
2702,FUNDACION UNIVERSITARIA DE CIENCIAS DE LA SALUD,BOGOTA,DESCONOCIDO,10004.333333333334,1948.3333333333333,0.1958330905812796,0.13961388276006584,86.0,1,Medianas tradicionales
2704,COLEGIO DE ESTUDIOS SUPERIORES DE ADMINISTRACION-CESA-,BOGOTA,DESCONOCIDO,3528.3333333333335,634.0,0.17971496307319046,0.1502990265040504,13.0,1,Medianas tradicionales
2707,FUNDACION UNIVERSITARIA JUAN N. CORPAS,BOGOTA,DESCONOCIDO,4741.333333333333,439.3333333333333,0.09268621220537861,0.0885968557596394,15.0,1,Medianas tradicionales
2708,UNIVERSIDAD CES,ANTIOQUIA,DESCONOCIDO,12893.666666666666,3074.3333333333335,0.23859015556148444,0.13097430622578687,134.0,0,Mega-masivas
2709,FUNDACION UNIVERSITARIA SAN MARTIN,BOGOTA,DESCONOCIDO,12941.0,2008.0,0.15632811371226932,0.03247033798668797,41.0,1,Medianas tradicionales
2710,FUNDACION UNIVERSITARIA MONSERRATE,BOGOTA,DESCONOCIDO,3388.6666666666665,410.3333333333333,0.12125487395476074,0.12823552740784286,24.0,1,Medianas tradicionales
2711,UNIVERSIDAD CATOLICA DE PEREIRA,RISARALDA,DESCONOCIDO,5517.666666666667,434.3333333333333,0.07872709722819037,0.12980324009651042,49.0,1,Medianas tradicionales
2712,FUNDACION UNIVERSITARIA KONRAD LORENZ,BOGOTA,DESCONOCIDO,7973.666666666667,619.3333333333334,0.07768611876318805,0.1445402432069216,21.0,1,Medianas tradicionales
2713,FUNDACION UNIVERSITARIA LOS LIBERTADORES,BOGOTA,DESCONOCIDO,16370.666666666666,942.0,0.057731357065414,0.1744890274036435,82.0,0,Mega-masivas
2715,FUNDACION UNIVERSITARIA DE POPAYAN,CAUCA,DESCONOCIDO,12158.0,845.3333333333334,0.06969429407385676,0.1095994610428526,28.0,1,Medianas tradicionales
2719,FUNDACION UNIVERSITARIA LUIS AMIGO FUNLAM,ANTIOQUIA,DESCONOCIDO,28656.0,1558.3333333333333,0.05442232476226297,0.08252148449804257,101.0,0,Mega-masivas
2720,FUNDACION UNIVERSITARIA JUAN DE CASTELLANOS,BOYACA,DESCONOCIDO,6022.0,492.0,0.0825739606335201,0.17550458176682449,46.0,1,Medianas tradicionales
2721,FUNDACION UNIVERSITARIA MARIA CANO,ANTIOQUIA,DESCONOCIDO,6921.666666666667,471.0,0.0680605984500338,0.10704645304178773,39.0,1,Medianas tradicionales
2723,FUNDACION UNIVERSITARIA AGRARIA DE COLOMBIA -UNIAGRARIA-,BOGOTA,DESCONOCIDO,6582.333333333333,677.6666666666666,0.10321635004126256,0.11006483049397109,22.0,1,Medianas tradicionales
2724,FUNDACION UNIVERSITARIA DE SAN GIL - UNISANGIL -,SANTANDER,DESCONOCIDO,4959.333333333333,765.6666666666666,0.15490159496505154,0.1360926121469066,50.0,1,Medianas tradicionales
2725,POLITECNICO GRANCOLOMBIANO,BOGOTA,DESCONOCIDO,103110.33333333333,2038.6666666666667,0.019772677957433673,0.1442642297886374,144.0,0,Mega-masivas
2727,FUNDACION UNIVERSITARIA-CEIPA-,ANTIOQUIA,DESCONOCIDO,9781.0,282.0,0.028926455087445433,0.11981318539481979,33.0,1,Medianas tradicionales
2728,FUNDACION UNIVERSITARIA DEL AREA ANDINA,BOGOTA,DESCONOCIDO,66737.66666666667,2344.6666666666665,0.03509823534214653,0.1644780982404037,114.0,0,Mega-masivas
2730,FUNDACION ESCUELA COLOMBIANA DE REHABILITACION,BOGOTA,DESCONOCIDO,2163.6666666666665,221.33333333333334,0.10194855975372284,0.10964627529212989,10.0,1,Medianas tradicionales
2731,FUNDACION UNIVERSITARIA CATOLICA LUMEN GENTIUM,VALLE DEL CAUCA,DESCONOCIDO,5377.0,475.3333333333333,0.08788298297400032,0.23807281252029266,33.0,1,Medianas tradicionales
2732,FUNDACION UNIVERSITARIA CATOLICA DEL NORTE,ANTIOQUIA,DESCONOCIDO,8924.333333333334,265.6666666666667,0.029769529753081198,0.0867936396449213,39.0,1,Medianas tradicionales
2733,FUNDACION UNIVERSITARIA SAN ALFONSO- FUSA-,BOGOTA,DESCONOCIDO,358.6666666666667,106.66666666666667,0.29774854995119066,0.15893420128557867,10.0,1,Medianas tradicionales
2736,FUNDACION UNIVERSITARIA SEMINARIO BIBLICO DE COLOMBIA,ANTIOQUIA,DESCONOCIDO,383.3333333333333,62.333333333333336,0.16239369396762213,0.055389704324110105,4.0,1,Medianas tradicionales
2737,FUNDACION UNIVERSITARIA DEL AREA ANDINA,RISARALDA,DESCONOCIDO,9984.0,794.0,0.07957864559341013,0.11196447385025403,40.0,1,Medianas tradicionales
2738,FUNDACION UNIVESITARIA EMPRESARIAL DE LA CAMARA DE COMERCIO DE BOGOTA,BOGOTA,DESCONOCIDO,1718.3333333333333,140.66666666666666,0.08583264036950257,0.1028121759660463,23.0,1,Medianas tradicionales
2739,FUNDACION DE ESTUDIOS SUPERIORES UNIVERSITARIOS DE URABA ANTONIO ROLDAN BETANCUR,ANTIOQUIA,DESCONOCIDO,534.3333333333334,61.333333333333336,0.13229019321729374,0.15299508829529038,8.0,1,Medianas tradicionales
2740,INSTITUCION UNIVERSITARIA COLOMBO AMERICANA - UNICA,BOGOTA,DESCONOCIDO,317.6666666666667,65.66666666666667,0.20672527256859619,0.17333107845716356,6.0,1,Medianas tradicionales
2741,FUNDACION DE ESTUDIOS SUPERIORES - MONSEÑOR ABRAHAM ESCUDERO MONTOYA - FUNDES,TOLIMA,DESCONOCIDO,1224.0,85.33333333333333,0.06974528467183616,0.07982217944445252,10.0,1,Medianas tradicionales
2743,FUNDACION UNIVERSITARIA INTERNACIONAL DEL TROPICO AMERICANO,CASANARE,DESCONOCIDO,5488.333333333333,449.0,0.0817081105006306,0.10044599266519934,36.0,1,Medianas tradicionales
2744,INSTITUCION UNIVERSITARIA CENTRO DE ESTUDIOS SUPERIORES MARIA GORETTI,NARINO,DESCONOCIDO,12065.333333333334,731.0,0.060611532876750064,0.1127359331030876,23.0,1,Medianas tradicionales
2745,UNIPANAMERICANA - FUNDACION UNIVERSITARIA PANAMERICANA,BOGOTA,DESCONOCIDO,17245.333333333332,641.0,0.03713854392693943,0.1700783374011392,165.0,0,Mega-masivas
2746,FUNDACION UNIVERSITARIA SANITAS,BOGOTA,DESCONOCIDO,3470.0,452.6666666666667,0.13043733751749456,0.11438537023305984,36.0,1,Medianas tradicionales
2747,FUNDACION UNIVERSITARIA AUTONOMA DE LAS AMERICAS,ANTIOQUIA,DESCONOCIDO,6138.333333333333,897.3333333333334,0.14601408378112923,0.11160346759898838,45.0,1,Medianas tradicionales
2748,FUNDACION UNIVERSITARIA SEMINARIO TEOLOGICO BAUTISTA INTERNACIONAL,VALLE DEL CAUCA,DESCONOCIDO,492.3333333333333,55.666666666666664,0.11393162883658776,0.10008553218906024,5.0,1,Medianas tradicionales
2749,INSTITUCION UNIVERSITARIA SALAZAR Y HERRERA,ANTIOQUIA,DESCONOCIDO,4665.0,380.3333333333333,0.0819537524942322,0.09583790300886023,34.0,1,Medianas tradicionales
2805,UNIVERSIDAD SIMON BOLIVAR,ATLANTICO,DESCONOCIDO,35007.333333333336,2488.6666666666665,0.07108452672406544,0.11213965777067426,151.0,0,Mega-masivas
2810,CORPORACION UNIVERSIDAD DE LA COSTA CUC,ATLANTICO,DESCONOCIDO,24970.333333333332,1294.6666666666667,0.05193587579845801,0.11038198404153021,115.0,0,Mega-masivas
2811,ESCUELA COLOMBIANA DE INGENIERIA JULIO GARAVITO,BOGOTA,DESCONOCIDO,9047.333333333334,994.3333333333334,0.10974736512872307,0.11545435439044148,42.0,1,Medianas tradicionales
2812,UNIVERSIDAD EAN,BOGOTA,DESCONOCIDO,23727.333333333332,1044.6666666666667,0.0440102080415589,0.12244473169509269,131.0,0,Mega-masivas
2813,ESCUELA DE INGENIERIA DE ANTIOQUIA,ANTIOQUIA,DESCONOCIDO,4505.666666666667,506.3333333333333,0.11218064633758586,0.08027615334047133,34.0,1,Medianas tradicionales
2815,CORPORACION UNIVERSITARIA ADVENTISTA - UNAC,ANTIOQUIA,DESCONOCIDO,2801.0,386.6666666666667,0.13841183028047085,0.12890643644028416,30.0,1,Medianas tradicionales
2818,CORPORACION UNIVERSITARIA DE SANTA ROSA DE CABAL-UNISARC-,RISARALDA,DESCONOCIDO,2071.3333333333335,242.66666666666666,0.11737301467257903,0.12624695068644876,22.0,1,Medianas tradicionales
2820,CORPORACION UNIVERSITARIA LASALLISTA,ANTIOQUIA,DESCONOCIDO,3690.6666666666665,334.3333333333333,0.09050816352701786,0.06368106877857063,27.0,1,Medianas tradicionales
2822,"ESCUELA SUPERIOR DE OFTALMOLOGIA, INSTITUTO BARRAQUER DE AMERICA",BOGOTA,DESCONOCIDO,9.5,20.5,1.0942002559424842,0.5208333333333333,2.0,2,Pequeñas especializadas
2823,CORPORACION UNIVERSITARIA DEL CARIBE - CECAR,SUCRE,DESCONOCIDO,16464.0,824.3333333333334,0.0503447917631521,0.1346713433220267,63.0,1,Medianas tradicionales
2824,CORPORACION UNIVERSITARIA DE COLOMBIA IDEAS,BOGOTA,DESCONOCIDO,127.0,46.0,0.3622047244094488,0.8351665569221748,8.0,2,Pequeñas especializadas
2825,CORPORACION UNIVERSITARIA RAFAEL NUÑEZ,BOLIVAR,DESCONOCIDO,9436.666666666666,829.0,0.08773363839721048,0.11152454805464183,25.0,1,Medianas tradicionales
2827,CORPORACION UNIVERSITARIA DEL META,META,DESCONOCIDO,4845.0,386.0,0.07960943559109426,0.11949680192382484,34.0,1,Medianas tradicionales
2828,CORPORACION UNIVERSITARIA DEL HUILA-CORHUILA-,HUILA,DESCONOCIDO,5489.333333333333,315.6666666666667,0.057272435055851834,0.1188495074326391,20.0,1,Medianas tradicionales
2829,CORPORACION UNIVERSITARIA MINUTO DE DIOS -UNIMINUTO-,BOGOTA,DESCONOCIDO,184333.66666666666,7653.0,0.041539383359435196,0.14098842499527856,296.0,0,Mega-masivas
2830,CORPORACION UNIVERSITARIA IBEROAMERICANA,BOGOTA,DESCONOCIDO,44620.666666666664,1109.6666666666667,0.024834245230028033,0.12131457460961582,66.0,0,Mega-masivas
2831,CORPORACION UNIVERSITARIA DE CIENCIA Y DESARROLLO - UNICIENCIA,BOGOTA,DESCONOCIDO,4790.666666666667,236.33333333333334,0.049226155461122904,0.12904317881252234,27.0,1,Medianas tradicionales
2832,UNIVERSIDAD DE SANTANDER - UDES,SANTANDER,DESCONOCIDO,29669.666666666668,3133.3333333333335,0.10572115886267447,0.18604205852904213,142.0,0,Mega-masivas
2833,CORPORACION UNIVERSITARIA REMINGTON,ANTIOQUIA,DESCONOCIDO,36452.333333333336,2424.6666666666665,0.06655115997975374,0.1088988067715031,118.0,0,Mega-masivas
2834,UNIVERSITARIA AGUSTINIANA- UNIAGUSTINIANA,BOGOTA,DESCONOCIDO,12244.0,785.3333333333334,0.06420700795475064,0.149618413994322,38.0,1,Medianas tradicionales
2836,CORPORACION UNIVERSITARIA EMPRESARIAL DE SALAMANCA,ATLANTICO,DESCONOCIDO,674.0,57.0,0.08542652915520123,0.14571766698982366,15.0,1,Medianas tradicionales
2837,CORPORACION UNIVERSITARIA REPUBLICANA,BOGOTA,DESCONOCIDO,9819.0,371.3333333333333,0.03784923552344623,0.18231594648393265,29.0,1,Medianas tradicionales
2838,CORPORACION COLEGIATURA COLOMBIANA,ANTIOQUIA,DESCONOCIDO,1474.6666666666667,157.0,0.10649223840708544,0.1167017452772741,11.0,1,Medianas tradicionales
2840,CORPORACION UNIVERSITARIA EMPRESARIAL ALEXANDER VON HUMBOLDT - CUE,QUINDIO,DESCONOCIDO,3162.3333333333335,632.6666666666666,0.19950169057626824,0.0621910809128556,13.0,1,Medianas tradicionales
2841,CORPORACION UNIVERSITARIA MINUTO DE DIOS -UNIMINUTO-,ANTIOQUIA,DESCONOCIDO,5611.333333333333,304.0,0.05439237321358977,0.10580808127410624,34.0,1,Medianas tradicionales
2842,CORPORACION UNIVERSITARIA REFORMADA - CUR -,ATLANTICO,DESCONOCIDO,6195.666666666667,368.6666666666667,0.05959192747373207,0.10487976529857669,25.0,1,Medianas tradicionales
2847,CORPORACION UNIVERSITARIA DE INVESTIGACION Y DESARROLLO - UDI,SANTANDER,DESCONOCIDO,15537.0,628.6666666666666,0.040489756031394535,0.1459510900274578,61.0,1,Medianas tradicionales
2848,CORPORACION UNIVERSITARIA UNITEC,BOGOTA,DESCONOCIDO,4743.333333333333,373.6666666666667,0.09852875673821408,0.28198839087384153,50.0,1,Medianas tradicionales
2849,CORPORACION UNIVERSITARIA AUTONOMA DEL CAUCA,CAUCA,DESCONOCIDO,4145.666666666667,305.3333333333333,0.07368253927331773,0.1595928332811802,28.0,1,Medianas tradicionales
2850,CORPORACION UNIVERSITARIA ANTONIO JOSE DE SUCRE - CORPOSUCRE,SUCRE,DESCONOCIDO,9663.666666666666,361.0,0.03737204363400843,0.07794671752007323,38.0,1,Medianas tradicionales
2901,ESCUELA DE INTELIGENCIA Y CONTRAINTELIGENCIA BRIGADIER GENERAL RICARDO CHARRY SOLANO,BOGOTA,DESCONOCIDO,273.3333333333333,152.33333333333334,0.5544965531355162,0.44918003079650043,8.0,2,Pequeñas especializadas
2902,ESCUELA DE LOGISTICA,BOGOTA,DESCONOCIDO,348.3333333333333,30.0,0.0796505985118084,0.24379070870592745,3.0,1,Medianas tradicionales
2904,ESCUELA SUPERIOR DE GUERRA,BOGOTA,DESCONOCIDO,1462.3333333333333,205.33333333333334,0.14598714921986586,0.40514040851775374,6.0,1,Medianas tradicionales
2905,CENTRO DE EDUCACION MILITAR - CEMIL,BOGOTA,DESCONOCIDO,787.6666666666666,88.33333333333333,0.10990573572566997,0.4784003460585636,12.0,2,Pequeñas especializadas
2906,ESCUELA DE POSTGRADOS DE LA FUERZA AEREA COLOMBIANA CAPITAN JOSE EDMUNDO SANDOVAL - EPFAC,BOGOTA,DESCONOCIDO,116.0,52.666666666666664,0.45035289199832795,0.4253479418300223,5.0,2,Pequeñas especializadas
3102,INSTITUTO SUPERIOR DE EDUCACION RURAL-ISER-,NORTE DE SANTANDER,DESCONOCIDO,2503.6666666666665,386.0,0.1544193863200778,0.12180094597437563,22.0,1,Medianas tradicionales
3103,COLEGIO MAYOR DE BOLIVAR,BOLIVAR,DESCONOCIDO,6989.666666666667,353.3333333333333,0.050421510701817635,0.1431939866824335,22.0,1,Medianas tradicionales
3104,COLEGIO MAYOR DEL CAUCA,CAUCA,DESCONOCIDO,5166.666666666667,364.0,0.07051977267872966,0.11432865583128547,18.0,1,Medianas tradicionales
3107,INSTITUCION UNIVERSITARIA PASCUAL BRAVO,ANTIOQUIA,DESCONOCIDO,15324.333333333334,1480.6666666666667,0.09689437565666807,0.07544711376091853,59.0,1,Medianas tradicionales
3114,ESCUELA NAVAL DE SUBOFICIALES ARC BARRANQUILLA,ATLANTICO,DESCONOCIDO,1369.6666666666667,226.66666666666666,0.17001015502476327,0.28639885707767987,21.0,1,Medianas tradicionales
3115,INSTITUTO TECNOLOGICO DEL PUTUMAYO,PUTUMAYO,DESCONOCIDO,4782.666666666667,368.6666666666667,0.07698390542322327,0.09003224076856953,31.0,1,Medianas tradicionales
3117,INSTITUTO TECNOLOGICO DE SOLEDAD ATLANTICO,ATLANTICO,DESCONOCIDO,13109.666666666666,489.6666666666667,0.038733989041283605,0.16952513776752162,57.0,1,Medianas tradicionales
3201,UNIDADES TECNOLOGICAS DE SANTANDER,SANTANDER,DESCONOCIDO,45742.666666666664,1991.6666666666667,0.043641305207625165,0.10120434913369859,98.0,0,Mega-masivas
3204,TECNOLOGICO DE ANTIOQUIA,ANTIOQUIA,DESCONOCIDO,25942.666666666668,1717.3333333333333,0.06646441614738843,0.08943038120406539,77.0,0,Mega-masivas
3301,INSTITUCION UNIVERSITARIA ANTONIO JOSE CAMACHO,VALLE DEL CAUCA,DESCONOCIDO,26010.666666666668,1434.0,0.055221840013776925,0.059528931599116396,45.0,1,Medianas tradicionales
3302,INSTITUTO TECNOLOGICO METROPOLITANO,ANTIOQUIA,DESCONOCIDO,50680.666666666664,2688.3333333333335,0.05301478751708,0.06723231309491483,76.0,0,Mega-masivas
3303,ESCUELA SUPERIOR TECNOLOGICA DE ARTES DEBORA ARANGO,ANTIOQUIA,DESCONOCIDO,2271.3333333333335,284.3333333333333,0.12710144813467825,0.12571692538985324,15.0,1,Medianas tradicionales
3702,FUNDACION TECNOLOGICA AUTONOMA DE BOGOTA-FABA-,BOGOTA,DESCONOCIDO,624.6666666666666,50.666666666666664,0.08148119618922293,0.13770626080241896,11.0,1,Medianas tradicionales
3703,FUNDACION ESCUELA COLOMBIANA DE MERCADOTECNIA -ESCOLME-,ANTIOQUIA,DESCONOCIDO,2336.6666666666665,89.66666666666667,0.03838117967057657,0.15369519309103677,23.0,1,Medianas tradicionales
3705,FUNDACION UNIVERSITARIA TECNOLOGICO COMFENALCO - CARTAGENA,BOLIVAR,DESCONOCIDO,17637.333333333332,839.0,0.0475566866972106,0.1405755000285482,59.0,1,Medianas tradicionales
3706,"FUNDACION CENTRO COLOMBIANO DE ESTUDIOS PROFESIONALES, -F.C.E.C.E.P.",VALLE DEL CAUCA,DESCONOCIDO,2825.0,168.0,0.0606134931119876,0.20924753672704063,25.0,1,Medianas tradicionales
3710,FUNDACION TECNOLOGICA ANTONIO DE AREVALO,BOLIVAR,DESCONOCIDO,5506.0,289.0,0.05230770683843053,0.06336055902290844,78.0,1,Medianas tradicionales
3713,FUNDACION UNIVERSITARIA PARA EL DESARROLLO HUMANO - UNINPAHU,BOGOTA,DESCONOCIDO,5130.666666666667,335.6666666666667,0.06543993418259253,0.15340771380902954,36.0,1,Medianas tradicionales
3715,FUNDACION TECNOLOGICA AUTONOMA DEL PACIFICO,VALLE DEL CAUCA,DESCONOCIDO,999.3333333333334,74.33333333333333,0.08526448667070696,0.1932515337423312,15.0,1,Medianas tradicionales
3716,TECNOLOGICA FITEC,SANTANDER,PRIVADO,1051.0,32.333333333333336,0.031247925606360333,0.0719386324963494,33.0,1,Medianas tradicionales
3718,FUNDACION DE ESTUDIOS SUPERIORES COMFANORTE -F.E.S.C.-,NORTE DE SANTANDER,DESCONOCIDO,3025.3333333333335,240.66666666666666,0.08013660253164957,0.14289612151699907,41.0,1,Medianas tradicionales
3719,INSTITUCION UNIVERSITARIA LATINA - UNILATINA,BOGOTA,DESCONOCIDO,764.6666666666666,71.33333333333333,0.094029771716632,0.1461539266736413,12.0,1,Medianas tradicionales
3720,FUNDACION UNIVERSITARIA ESUMER,ANTIOQUIA,DESCONOCIDO,3663.0,409.3333333333333,0.11164792767202665,0.2726838021622275,43.0,1,Medianas tradicionales
3725,FUNDACION TECNOLOGICA SAN FRANCISCO DE ASIS,BOGOTA,DESCONOCIDO,414.3333333333333,27.333333333333332,0.06560291354963933,0.13970554869555973,4.0,1,Medianas tradicionales
3801,CORPORACION DE ESTUDIOS TECNOLOGICOS DEL NORTE DEL VALLE,VALLE DEL CAUCA,DESCONOCIDO,905.0,124.33333333333333,0.13747854799980716,0.17289281858375638,16.0,1,Medianas tradicionales
3803,CORPORACION UNIVERSITARIA CENTRO SUPERIOR - UNICUCES,VALLE DEL CAUCA,DESCONOCIDO,1229.3333333333333,98.66666666666667,0.08043078665625523,0.19742523515238417,19.0,1,Medianas tradicionales
3806,CORPORACION ESCUELA SUPERIOR DE ADMINISTRACION Y ESTUDIOS TECNOLOGICOS- EAE,VALLE DEL CAUCA,DESCONOCIDO,377.6666666666667,39.0,0.10116789463908349,0.1590271051955304,5.0,1,Medianas tradicionales
3807,ESCUELA DE TECNOLOGIAS DE ANTIOQUIA -ETA-,ANTIOQUIA,PRIVADO,85.66666666666667,13.333333333333334,0.22682180133878993,0.8185114685447795,6.0,2,Pequeñas especializadas
3808,CORPORACION TECNOLOGICA DE BOGOTA - CTB,BOGOTA,DESCONOCIDO,494.0,48.666666666666664,0.09925734335822156,0.17648172069029133,10.0,1,Medianas tradicionales
3809,INSTITUTO SUPERIOR DE CIENCIAS SOCIALES Y ECONOMICO FAMILIARES-ICSEF-,BOGOTA,DESCONOCIDO,176.33333333333334,65.0,0.3692574611675911,0.31135187099929595,4.0,2,Pequeñas especializadas
3811,CORPORACION DE EDUCACION DEL NORTE DEL TOLIMA - COREDUCACION,TOLIMA,DESCONOCIDO,413.6666666666667,52.333333333333336,0.13504113259645936,0.1664795528779362,7.0,1,Medianas tradicionales
3812,CORPORACION POLITECNICO MARCO FIDEL SUAREZ,ANTIOQUIA,DESCONOCIDO,2004.3333333333333,166.0,0.0830086103419608,0.08167990736272036,19.0,1,Medianas tradicionales
3817,CORPORACION UNIVERSITARIA AUTONOMA DE NARIÑO -AUNAR-,NARINO,DESCONOCIDO,6945.333333333333,369.6666666666667,0.053129744523599635,0.13107508180594543,23.0,1,Medianas tradicionales
3819,CORPORACION TECNOLOGICA INDUSTRIAL COLOMBIANA - TEINCO,BOGOTA,DESCONOCIDO,2151.3333333333335,142.0,0.06552536444499531,0.19931291759906197,28.0,1,Medianas tradicionales
3820,CORPORACION ACADEMIA TECNOLOGICA DE COLOMBIA -ATEC-,ANTIOQUIA,DESCONOCIDO,350.6666666666667,30.333333333333332,0.0874221743295019,0.09196000957854404,3.0,1,Medianas tradicionales
3821,CORPORACION POLITECNICO DE LA COSTA ATLANTICA,ATLANTICO,DESCONOCIDO,5036.333333333333,269.6666666666667,0.0535712305710812,0.19737509604446676,33.0,1,Medianas tradicionales
3822,CORPORACION COLOMBO - ALEMANA PARA LA FORMACION TECNOLOGICA-ICAFT-,BOGOTA,DESCONOCIDO,13.0,10.0,0.7692307692307693,0.8351665569221748,5.0,2,Pequeñas especializadas
3826,CORPORACION INTERNACIONAL PARA EL DESARROLLO EDUCATIVO -CIDE-,BOGOTA,DESCONOCIDO,2385.0,148.66666666666666,0.06311445352626747,0.07668053643643453,44.0,1,Medianas tradicionales
3827,POLITECNICO SANTAFE DE BOGOTA,BOGOTA,DESCONOCIDO,281.0,40.0,0.1423487544483986,0.0640569395017793,13.0,1,Medianas tradicionales
3828,TECNOLOGICA DEL SUR,BOGOTA,DESCONOCIDO,36.666666666666664,8.0,0.1777777777777777,0.4285714285714285,3.0,2,Pequeñas especializadas
3830,CORPORACION UNIVERSAL DE INVESTIGACION Y TECNOLOGIA -CORUNIVERSITEC-,BOGOTA,DESCONOCIDO,1232.0,53.333333333333336,0.043166831206889765,0.4457378745267022,13.0,1,Medianas tradicionales
3831,INSTITUCION UNIVERSITARIA TECNOLOGICA DE COMFACAUCA I.T.C.,CAUCA,DESCONOCIDO,6332.0,399.0,0.0629515378994747,0.06277930614341157,40.0,1,Medianas tradicionales
3834,CORPORACION TECNOLOGICA CATOLICA DE OCCIDENTE - TECOC -,ANTIOQUIA,DESCONOCIDO,76.0,26.666666666666668,0.34225820648234434,0.2305743243243243,2.0,2,Pequeñas especializadas
3901,ESCUELA DE FORMACION DE INFANTERIA DE MARINA,SUCRE,OFICIAL,690.0,198.66666666666666,0.2894838588285655,0.3192692571024598,4.0,2,Pequeñas especializadas
3902,ESCUELA MILITAR DE SUBOFICIALES SARGENTO INOCENCIO CHINCA,CUNDINAMARCA,DESCONOCIDO,8234.666666666666,322.3333333333333,0.041477668443891134,0.2623596680231881,5.0,1,Medianas tradicionales
4101,INSTITUTO DE EDUCACION TECNICA PROFESIONAL DE ROLDANILLO,VALLE DEL CAUCA,DESCONOCIDO,8530.333333333334,661.3333333333334,0.07722683062239513,0.17226435907639362,42.0,1,Medianas tradicionales
4102,INSTITUTO NACIONAL DE FORMACION TECNICA PROFESIONAL DE SAN JUAN DEL CESAR,LA GUAJIRA,DESCONOCIDO,1705.6666666666667,168.33333333333334,0.09853910506466523,0.08286168816008227,17.0,1,Medianas tradicionales
4106,INSTITUTO NACIONAL DE FORMACION TECNICA PROFESIONAL DE SAN ANDRES,"ARCHIPIELAGO DE SAN ANDRES, PROVIDENCIA Y SANTA CATALINA",DESCONOCIDO,630.3333333333334,121.66666666666667,0.20075923100992518,0.15939240984436828,13.0,1,Medianas tradicionales
4107,INSTITUTO TECNICO AGRICOLA ITA,VALLE DEL CAUCA,DESCONOCIDO,2332.3333333333335,108.33333333333333,0.04753683405204067,0.09629876488426413,15.0,1,Medianas tradicionales
4108,ESCUELA TECNOLOGICA INSTITUTO TECNICO CENTRAL,BOGOTA,DESCONOCIDO,6931.666666666667,556.3333333333334,0.08019611780134357,0.13544949370208206,28.0,1,Medianas tradicionales
4109,INSTITUTO TECNICO NACIONAL DE COMERCIO SIMON RODRIGUEZ - INTENALCO,VALLE DEL CAUCA,DESCONOCIDO,3572.0,210.0,0.058825181094114436,0.1407192438656997,18.0,1,Medianas tradicionales
4110,INSTITUTO TOLIMENSE DE FORMACION TECNICA PROFESIONAL,TOLIMA,DESCONOCIDO,8754.333333333334,594.0,0.0678509355282098,0.20889508788756103,37.0,1,Medianas tradicionales
4111,INSTITUTO NACIONAL DE FORMACION TECNICA PROFESIONAL - HUMBERTO VELASQUEZ GARCIA,MAGDALENA,DESCONOCIDO,5983.0,574.3333333333334,0.09616438110693,0.14408964022093665,19.0,1,Medianas tradicionales
4112,COLEGIO INTEGRADO NACIONAL ORIENTE DE CALDAS - IES CINOC,CALDAS,DESCONOCIDO,1337.3333333333333,169.0,0.12667662986637082,0.26361341664490956,26.0,1,Medianas tradicionales
4701,FUNDACION ACADEMIA DE DIBUJO PROFESIONAL,VALLE DEL CAUCA,DESCONOCIDO,2980.0,149.0,0.05004063318925606,0.10172064580390304,14.0,1,Medianas tradicionales
4702,FUNDACION DE EDUCACION SUPERIOR SAN JOSE -FESSANJOSE-,BOGOTA,DESCONOCIDO,11716.666666666666,234.0,0.019797402496693234,0.29428161803771974,53.0,1,Medianas tradicionales
4709,ESCUELA DE ADMINISTRACION Y MERCADOTECNIA DEL QUINDIO E.A.M.,QUINDIO,DESCONOCIDO,2086.0,144.0,0.06913328959641997,0.2055854089638077,48.0,1,Medianas tradicionales
4710,FUNDACIÓN POLITÉCNICO MINUTO DE DIOS - TEC MD,BOGOTA,PRIVADO,2886.6666666666665,30.0,0.019772677957433673,0.052802183120869,19.0,1,Medianas tradicionales
4714,FUNDACION INTERAMERICANA TECNICA-FIT-,BOGOTA,DESCONOCIDO,309.6666666666667,17.333333333333332,0.0602122043145473,0.09299797156268064,10.0,1,Medianas tradicionales
4719,FUNDACION DE EDUCACION SUPERIOR NUEVA AMERICA,BOGOTA,DESCONOCIDO,872.0,98.0,0.11930109535612739,0.13142515522101525,26.0,1,Medianas tradicionales
4721,FUNDACION INSTITUTO SUPERIOR DE CARRERAS TECNICAS-INSUTEC-,BOGOTA,DESCONOCIDO,1133.6666666666667,130.33333333333334,0.1357855836110437,0.28376636694901797,38.0,1,Medianas tradicionales
4726,FUNDACION PARA LA EDUCACION SUPERIOR SAN MATEO,BOGOTA,DESCONOCIDO,10381.666666666666,518.3333333333334,0.05005742977664333,0.16603170083590038,67.0,1,Medianas tradicionales
4727,POLITECNICO INTERNACIONAL INSTITUCION DE EDUCACION SUPERIOR,BOGOTA,DESCONOCIDO,11116.0,350.3333333333333,0.03151546291268576,0.0821458896891588,36.0,1,Medianas tradicionales
4801,CORPORACION ACADEMIA SUPERIOR DE ARTES,ANTIOQUIA,DESCONOCIDO,427.3333333333333,36.666666666666664,0.08552750313409696,0.1018717817859916,14.0,1,Medianas tradicionales
4803,CORPORACION POLITECNICO COLOMBO ANDINO,BOGOTA,DESCONOCIDO,114.0,14.666666666666666,0.12382139513108614,0.0680898876404494,4.0,1,Medianas tradicionales
4806,CORPORACION CENTRO DE ESTUDIOS ARTISTICOS Y TECNICOS-CEART-,BOGOTA,DESCONOCIDO,112.66666666666667,14.333333333333334,0.13440243119876982,0.17850241545893714,6.0,1,Medianas tradicionales
4808,CORPORACION REGIONAL DE EDUCACION SUPERIOR-CRES-DE CALI,VALLE DEL CAUCA,DESCONOCIDO,324.0,61.666666666666664,0.20911440577679344,0.06551713868787036,21.0,1,Medianas tradicionales
4810,CORPORACION UNIVERSITARIA CENDA,BOGOTA,DESCONOCIDO,1884.3333333333333,142.66666666666666,0.07708369454578787,0.1383123707623295,17.0,1,Medianas tradicionales
4811,CORPORACION DE ESTUDIOS SUPERIORES SALAMANDRA,VALLE DEL CAUCA,DESCONOCIDO,148.33333333333334,8.0,0.0793669866857281,0.8351665569221748,5.0,2,Pequeñas especializadas
4812,CORPORACION CENTRO DE NUESTRA SEÑORA DE LAS MERCEDES,BOGOTA,DESCONOCIDO,42.0,7.5,0.20894428152492667,0.8351665569221748,9.0,2,Pequeñas especializadas
4813,CORPORACION UNIFICADA NACIONAL DE EDUCACION SUPERIOR-CUN-,BOGOTA,DESCONOCIDO,100995.0,1956.3333333333333,0.01977748855980217,0.12568968327973276,265.0,0,Mega-masivas
4817,CORPORACION EDUCATIVA DEL LITORAL,ATLANTICO,DESCONOCIDO,3714.3333333333335,130.66666666666666,0.03721118538347814,0.2708580346651649,20.0,1,Medianas tradicionales
4818,CORPORACION UNIVERSITARIA LATINOAMERICANA - CUL,ATLANTICO,DESCONOCIDO,9259.333333333334,288.6666666666667,0.031171502280456034,0.08650883951544604,20.0,1,Medianas tradicionales
4822,CORPORACION ESCUELA DE ARTES Y LETRAS,BOGOTA,DESCONOCIDO,2127.0,176.66666666666666,0.08338776980964886,0.11939954616899058,31.0,1,Medianas tradicionales
4825,CORPORACION INSTITUTO DE ADMINISTRACION Y FINANZAS - CIAF,RISARALDA,DESCONOCIDO,2538.6666666666665,132.66666666666666,0.050669914365717696,0.22060513621994415,18.0,1,Medianas tradicionales
4826,CORPORACION UNIVERSITARIA REGIONAL DEL CARIBE -IAFIC-,BOLIVAR,DESCONOCIDO,234.33333333333334,16.333333333333332,0.08254696509794619,0.6521632251720748,3.0,2,Pequeñas especializadas
4829,CORPORACION INTERAMERICANA DE EDUCACION SUPERIOR-CORPOCIDES,SANTANDER,DESCONOCIDO,463.3333333333333,44.0,0.13613952259502263,0.2772300881211814,10.0,1,Medianas tradicionales
4832,CORPORACION INSTITUTO SUPERIOR DE EDUCACION SOCIAL-ISES-,BOGOTA,DESCONOCIDO,544.6666666666666,25.0,0.045945433527061895,0.3829346941578368,18.0,1,Medianas tradicionales
4835,CORPORACION EDUCATIVA TALLER 5 CENTRO DE DISEÑO,BOGOTA,DESCONOCIDO,1696.6666666666667,148.66666666666666,0.0881143716192231,0.058697096616039106,17.0,1,Medianas tradicionales
4837,"CORPORACION UNIVERSITARIA DE CIENCIAS EMPRESARIALES, EDUCACION Y SALUD -CORSALUD-",ATLANTICO,DESCONOCIDO,1775.3333333333333,178.33333333333334,0.1005818695782647,0.11919276538012306,13.0,1,Medianas tradicionales
5801,CORPORACION ESCUELA TECNOLOGICA DEL ORIENTE,SANTANDER,DESCONOCIDO,1266.3333333333333,53.5,0.036684546248901495,0.1358980438323976,13.0,1,Medianas tradicionales
5802,ESCUELA COLOMBIANA DE CARRERAS INDUSTRIALES,BOGOTA,DESCONOCIDO,35325.333333333336,1691.0,0.04791762758857593,0.13748276986945276,74.0,0,Mega-masivas
9102,ESCUELA DE SUBOFICIALES DE LA FUERZA AEREA COLOMBIANA ANDRES M. DIAZ,CUNDINAMARCA,DESCONOCIDO,1329.6666666666667,175.66666666666666,0.13915979083706245,0.2517377203033903,12.0,1,Medianas tradicionales
9103,ESCUELA MILITAR DE AVIACION MARCO FIDEL SUAREZ,VALLE DEL CAUCA,DESCONOCIDO,1063.3333333333333,198.33333333333334,0.1866549456535285,0.10634902396829647,4.0,1,Medianas tradicionales
9104,ESCUELA MILITAR DE CADETES GENERAL JOSE MARIA CORDOVA,BOGOTA,DESCONOCIDO,6949.666666666667,575.3333333333334,0.0831717981306956,0.11705561217368426,8.0,1,Medianas tradicionales
9105,ESCUELA NAVAL DE CADETES ALMIRANTE PADILLA,BOLIVAR,DESCONOCIDO,2202.6666666666665,313.3333333333333,0.15089547643181497,0.16583872961964374,14.0,1,Medianas tradicionales
9107,ESCUELA DE INGENIEROS MILITARES,BOGOTA,DESCONOCIDO,1334.3333333333333,160.33333333333334,0.12003378126422792,0.1527187523009037,9.0,1,Medianas tradicionales
9108,INSTITUTO CARO Y CUERVO,BOGOTA,DESCONOCIDO,214.33333333333334,54.0,0.25445892927270314,0.230706212932679,5.0,1,Medianas tradicionales
9110,SERVICIO NACIONAL DE APRENDIZAJE-SENA-,BOGOTA,DESCONOCIDO,756795.6666666666,24159.666666666668,0.03198627968197334,0.10001006918319315,313.9399999999994,0,Mega-masivas
9116,FUNDACION UNIVERSITARIA CLARETIANA - FUCLA,CHOCO,DESCONOCIDO,6825.666666666667,558.3333333333334,0.08169061713049564,0.14985410232400678,22.0,1,Medianas tradicionales
9117,FUNDACION POLITECNICA - CORPO,BOGOTA,DESCONOCIDO,25.0,18.666666666666668,0.741054424055029,0.3567251461988304,3.0,2,Pequeñas especializadas
9119,CORPORACION UNIVERSITARIA AMERICANA,ATLANTICO,DESCONOCIDO,26454.666666666668,828.3333333333334,0.031367187546815896,0.13144239259689516,94.0,0,Mega-masivas
9120,FUNDACION UNIVERSITARIA BELLAS ARTES,ANTIOQUIA,DESCONOCIDO,1015.3333333333334,121.66666666666667,0.1217558531476911,0.07629940151185106,6.0,1,Medianas tradicionales
9121,FUNDACION UNIVERSITARIA COLOMBO INTERNACIONAL - UNICOLOMBO,BOLIVAR,DESCONOCIDO,5045.333333333333,172.66666666666666,0.03386397457087283,0.085617179314331,13.0,1,Medianas tradicionales
9122,UNIVERSIDAD MANUELA BELTRAN-UMB-,SANTANDER,DESCONOCIDO,1268.3333333333333,153.66666666666666,0.12173270841108451,0.10552718426385327,21.0,1,Medianas tradicionales
9124,FUNDACION TECNOLOGICA RURAL - COREDI,ANTIOQUIA,DESCONOCIDO,169.66666666666666,21.0,0.12855208151551556,0.1634278273064209,5.0,1,Medianas tradicionales
9125,UNIVERSIDAD DE ANTIOQUIA,ANTIOQUIA,DESCONOCIDO,141.66666666666666,126.0,0.8976501333163706,0.02537195796048871,4.0,2,Pequeñas especializadas
9126,CORPORACION TECNOLOGICA INDOAMERICA,ATLANTICO,DESCONOCIDO,699.3333333333334,35.0,0.049906186657908934,0.10558497567946007,7.0,1,Medianas tradicionales
9127,CORPORACION UNIVERSITARIA DE SABANETA J. EMILIO VALDERRAMA,ANTIOQUIA,DESCONOCIDO,1553.6666666666667,188.66666666666666,0.1232098795619566,0.10983371047635293,15.0,1,Medianas tradicionales
9128,LCI - FUNDACION TECNOLOGICA,BOGOTA,DESCONOCIDO,1658.6666666666667,300.6666666666667,0.18119253478450684,0.11175478544210626,26.0,1,Medianas tradicionales
9129,FUNDACION UNIVERSITARIA CAFAM,BOGOTA,DESCONOCIDO,3178.6666666666665,265.3333333333333,0.08367108058719235,0.11485693377626162,26.0,1,Medianas tradicionales
9131,FUNDACION UNIVERSITARIA CERVANTINA SAN AGUSTIN - UNICERVANTINA SAN AGUSTIN,BOGOTA,DESCONOCIDO,2951.6666666666665,240.33333333333334,0.08131641417174117,0.032687294849787635,20.0,1,Medianas tradicionales
9132,FUNDACION UNIVERSITARIA CIEO - UNICIEO,BOGOTA,DESCONOCIDO,301.0,124.0,0.4126111382242102,0.16576961041534413,4.0,2,Pequeñas especializadas
9899,INSTITUCION UNIVERSITARIA DE COLOMBIA - UNIVERSITARIA DE COLOMBIA,BOGOTA,DESCONOCIDO,1040.6666666666667,556.0,0.9205298013245032,0.29454181594103873,16.0,2,Pequeñas especializadas
9900,CORPORACION UNIVERSITARIA DE CIENCIA Y TECNOLOGIA DE COLOMBIA,ANTIOQUIA,DESCONOCIDO,1690.0,212.33333333333334,0.12574327898799767,0.15785737210578119,18.0,1,Medianas tradicionales
9902,FUNDACION UNIVERSITARIA COMFENALCO SANTANDER,SANTANDER,PRIVADO,306.6666666666667,71.66666666666667,0.35705696973507384,0.11640587956377424,3.0,1,Medianas tradicionales
9903,CORPORACION DE EDUCACION TECNOLOGICA COLSUBSIDIO EADS,BOGOTA,DESCONOCIDO,961.3333333333334,230.0,0.24299639059137998,0.09982441147248587,10.0,1,Medianas tradicionales
9904,FUNDACION TECNOLOGICA COLOMBO GERMANA,BOGOTA,DESCONOCIDO,3334.0,149.0,0.044026767632946266,0.11916166842769256,25.0,1,Medianas tradicionales
9905,FUNDACION ESCUELA TECNOLOGICA DE NEIVA - JESUS OVIEDO PEREZ,HUILA,DESCONOCIDO,1642.0,108.66666666666667,0.06666870928178024,0.156262915236314,18.0,1,Medianas tradicionales
9906,CORPORACION UNIVERSITARIA PARA EL DESARROLLO EMPRESARIAL Y SOCIAL- CUDES,VALLE DEL CAUCA,DESCONOCIDO,226.0,38.666666666666664,0.17338303668443678,0.17561238467649662,5.0,1,Medianas tradicionales
9907,FUNDACION UNIVERSITARIA NAVARRA - UNINAVARRA,HUILA,PRIVADO,3814.6666666666665,312.0,0.08175206315162957,0.07928669100744207,15.0,1,Medianas tradicionales
9910,FUNDACION UNIVERSITARIA ESCUELA COLOMBIANA DE MEDICINA HOMEOPATICA LUIS G. PAEZ,BOGOTA,DESCONOCIDO,99.0,33.333333333333336,0.33648702792682267,0.21510110961033524,2.0,2,Pequeñas especializadas
9913,CORPORACION UNIVERSITARIA DE ASTURIAS,BOGOTA,PRIVADO,16493.333333333332,155.0,0.019772677957433673,0.10175016936776114,19.0,1,Medianas tradicionales
9914,"ESEIT - ESCUELA SUPERIOR DE EMPRESA, INGENIERÍA Y TECNOLOGÍA",BOGOTA,PRIVADO,1839.6666666666667,102.0,0.058248195081469105,0.0872914570980234,18.0,1,Medianas tradicionales
9915,UNIVERSITARIA VIRTUAL INTERNACIONAL,BOGOTA,PRIVADO,2288.3333333333335,82.33333333333333,0.03633025407042256,0.10487113119637892,13.0,1,Medianas tradicionales
9921,FUNDACION UNIVERSITARIA CATOLICA DEL SUR - UNICATOLICA DEL SUR,NARINO,PRIVADO,529.0,75.33333333333333,0.14240172166330842,0.05810610296077693,2.0,1,Medianas tradicionales
9922,FUNDACION UNIVERSITARIA COMFAMILIAR RISARALDA,RISARALDA,PRIVADO,2482.0,200.0,0.08164851572443373,0.14376926844517923,13.0,1,Medianas tradicionales
9923,CORPORACION UNIVERSITARIA DE CATALUÑA,BOGOTA,PRIVADO,568.3333333333334,22.666666666666668,0.046378140181331635,0.0317948717948717,2.0,1,Medianas tradicionales
9926,FUNDACION UNIVERSITARIA INTERNACIONAL DE LA RIOJA - UNIR,BOGOTA,PRIVADO,13501.666666666666,235.66666666666666,0.019772677957433673,0.1011955206456152,29.0,1,Medianas tradicionales
9927,INSTITUCION UNIVERSITARIA DIGITAL DE ANTIOQUIA -IU. DIGITAL,ANTIOQUIA,OFICIAL,14768.666666666666,743.3333333333334,0.05070425025273537,0.028427746220572103,20.0,1,Medianas tradicionales
9930,INSTITUCIÓN UNIVERSITARIA COMANDO DE EDUCACIÓN Y DOCTRINA - CEDOC DEL EJÉRCITO NACIONAL,BOGOTA,OFICIAL,319.3333333333333,76.33333333333333,0.24185244806669612,0.2264459052788058,7.0,1,Medianas tradicionales
9931,FUNDACIÓN UNIVERSITARIA PATRICIO SYMES,BOGOTA,PRIVADO,38.0,12.5,0.31722689075630245,0.238095238095238,2.0,2,Pequeñas especializadas
9932,FUNDACIÓN UNIVERSITARIA SAN PABLO - UNISANPABLO,BOGOTA,PRIVADO,75.33333333333333,41.0,0.5518746248834744,0.02537195796048871,2.0,2,Pequeñas especializadas
9933,UNIVERSIDAD NACIONAL DE COLOMBIA,CESAR,OFICIAL,2416.6666666666665,110.66666666666667,0.04624423175478767,0.02537195796048871,6.0,1,Medianas tradicionales
9935,UNIDAD TECNOLÓGICA DEL MAGDALENA MEDIO - UTEM -,SANTANDER,PRIVADO,164.66666666666666,12.666666666666666,0.07776256511562707,0.1327301668021835,2.0,1,Medianas tradicionales
9936,CORPORACIÓN UNIVERSITARIA AUTÓNOMA DEL NORTE,NORTE DE SANTANDER,PRIVADO,391.0,96.0,0.25834704917168744,0.02537195796048871,6.0,1,Medianas tradicionales
